<?xml version="1.0" encoding="UTF-8"?>
<!DOCTYPE mapper PUBLIC "-//mybatis.org//DTD Mapper 3.0//EN" "http://mybatis.org/dtd/mybatis-3-mapper.dtd">
<mapper namespace="com.bawei.jxcbiz.mapper.TCustomerMapper">

    <!-- 通用查询映射结果 -->
    <resultMap id="BaseResultMap" type="com.bawei.jxcbiz.entity.TCustomer">
        <id column="id" property="id" />
        <result column="address" property="address" />
        <result column="contact" property="contact" />
        <result column="name" property="name" />
        <result column="number" property="number" />
        <result column="remarks" property="remarks" />
    </resultMap>

    <!-- 通用查询结果列 -->
    <sql id="Base_Column_List">
        id, address, contact, name, number, remarks
    </sql>

</mapper>
