<?xml version="1.0" encoding="UTF-8"?>
<!DOCTYPE mapper PUBLIC "-//mybatis.org//DTD Mapper 3.0//EN" "http://mybatis.org/dtd/mybatis-3-mapper.dtd">
<mapper namespace="com.bawei.jxcbiz.mapper.TSaleListGoodsMapper">

    <!-- 通用查询映射结果 -->
    <resultMap id="BaseResultMap" type="com.bawei.jxcbiz.entity.TSaleListGoods">
        <id column="id" property="id" />
        <result column="code" property="code" />
        <result column="model" property="model" />
        <result column="name" property="name" />
        <result column="num" property="num" />
        <result column="price" property="price" />
        <result column="total" property="total" />
        <result column="unit" property="unit" />
        <result column="sale_list_id" property="saleListId" />
        <result column="type_id" property="typeId" />
        <result column="goods_id" property="goodsId" />
    </resultMap>

    <!-- 通用查询结果列 -->
    <sql id="Base_Column_List">
        id, code, model, name, num, price, total, unit, sale_list_id, type_id, goods_id
    </sql>

    <insert id="insertSaleGoods">
        INSERT INTO t_sale_list_goods   ( code,  model,  name,  num,  price,  total,  unit,  sale_list_id,  type_id,  goods_id)  VALUES   ( #{code},  #{model},  #{name}, #{num},   #{sellingPrice},  #{total},  #{unit},  #{saleListId},  #{typeId},  #{goodsId}  )
    </insert>

</mapper>
