<?xml version="1.0" encoding="UTF-8"?>
<!DOCTYPE mapper PUBLIC "-//mybatis.org//DTD Mapper 3.0//EN" "http://mybatis.org/dtd/mybatis-3-mapper.dtd">
<mapper namespace="com.bawei.jxcbiz.mapper.TSaleListMapper">

    <!-- 通用查询映射结果 -->
    <resultMap id="BaseResultMap" type="com.bawei.jxcbiz.entity.TSaleList">
        <id column="id" property="id" />
        <result column="amount_paid" property="amountPaid" />
        <result column="amount_payable" property="amountPayable" />
        <result column="remarks" property="remarks" />
        <result column="sale_date" property="saleDate" />
        <result column="sale_number" property="saleNumber" />
        <result column="state" property="state" />
        <result column="user_id" property="userId" />
        <result column="customer_id" property="customerId" />
    </resultMap>

    <!-- 通用查询结果列 -->
    <sql id="Base_Column_List">
        id, amount_paid, amount_payable, remarks, sale_date, sale_number, state, user_id, customer_id
    </sql>

    <select id="getList" resultType="map">
        SELECT a.sale_number,a.sale_date,b.name,a.amount_paid,c.true_name,a.remarks FROM t_sale_list a LEFT JOIN t_customer b ON a.customer_id=b.id LEFT JOIN t_user c ON a.user_id
=c.id
        <where>
            <if test="saleNumber!=null and saleNumber!=''">
                and a.sale_number=#{saleNumber}
            </if>
            <if test="name !=null and name!=''">
                and b.name=#{name}
            </if>
            <if test="state!=null and state!=''">
                and a.state=#{state}
            </if>
            <if test="startTime!=null and startTime!=''">
                and a.sale_date > #{startTime}
            </if>

            <if test="endTime!=null and endTime!=''">
                and a.sale_date &lt; #{endTime}
            </if>
        </where>
    </select>

    <insert id="insertSale">
       INSERT INTO t_sale_list   ( amount_paid,  amount_payable,  remarks,  sale_date,    state,    customer_id ,sale_number,user_id)  VALUES   ( #{amountPaid}, #{amountPayable},  #{remarks},  #{saleDate}, #{state}, #{customerId},#{saleNumber},#{userId})
    </insert>

    <select id="selectMaxId" resultType="int">
        SELECT MAX(id) FROM t_sale_list
    </select>

</mapper>
